priority,segment,outlet_or_person,why,channel,contact,cost,angle,week,status,notes
1,crypto media,"DL News — Mathew Di Salvo","Writes the privacy-coin beat (rally pieces Jan and Apr 2026, Foundry Zcash pool Mar 2026)",email + X,"author page on dlnews.com; X (verify handle)",free,"New PoW privacy coin on the Zcash stack opens public mining 1 Nov; permanent 20% allocation stated plainly",1,,
1,crypto media,Blockworks news desk,"Institutional and regulatory readers; covered the Dubai privacy-coin ban",email,news@blockworks.co (release in body; no attachments); blockworks.co/tips,free,"Privacy coin launches six months before the EU AMLR ban on anonymous accounts applies (10 July 2027)",1,,
1,crypto media,Decrypt,"Covered the Monero Qubic attack; privacy beat exists",email,editor@decrypt.co,free,"A messenger that pays inside the chat on a shielded chain",1,,
1,crypto media,The Defiant,"Explicitly welcomes tips and releases",form,thedefiant.io/contact,free,"Release 1",1,,
1,crypto media,CoinDesk tips,"Tier 1; ran Privacy Week",email,tips@coindesk.com,free,"Mainnet live; mining opens 1 Nov; no sale",1,,
1,FOSS media,It's FOSS News,"Open-source app launches",email,news@itsfoss.com,free,"Ungoogled Chromium build with a shielded-payments wallet in the toolbar; Signal fork with in-chat payments on its own server",1,,
2,crypto media,The Block,"Covered Horizen pivot and Cypherpunk ZEC treasury",direct to reporters,"Naga Avan-Nomayo, Brian Danga (verify on theblock.co/author pages)",free,Release 1,1,,
2,crypto media,Cointelegraph,"Largest reach; covered EU AMLR and Dash Orchard",form or Chainwire,site submission form,"editorial free; sponsored $10k+","Zcash stack becoming the privacy standard library: Dash, Pirate, SWARM",2,,
2,crypto media,BeInCrypto,"Mid-tier, multilingual, no paid content",form,site tip form,free,Release 1,1,,
2,crypto media,Crypto Briefing,"Research-flavoured",form,cryptobriefing.com/contact,"free; PR $300-750",Release 1,1,,
2,crypto media,Protos,"Investigative; will ask about funding and provenance",email,editorial address on protos.com/about (verify),free,"Offer full transparency on the closed start and allocation before they ask",2,,
2,privacy media,Privacy Guides,"Most-read privacy recommendations; Monero-only; sceptical",forum,discuss.privacyguides.net tool suggestion (posted by a user); X @privacy_guides,free,"Browser and messenger for review, not the coin",2,,
2,privacy media,CyberInsider (ex-RestorePrivacy),"Reviews privacy tools",form,cyberinsider.com/contact (verify),free,"Browser review",2,,
2,podcast,Opt Out (Seth For Privacy),"Core privacy-crypto podcast; Monero-aligned, fair",X,@optoutpod @sethforprivacy; optoutpod.com,free,"Default vs optional privacy; what the server learns; why fork Zcash",2,,
2,podcast,Monero Talk / Monerotopia (Douglas Tuman),"Hosts non-Monero guests",email,monerotopia@protonmail.com; X @MoneroTalk,free,"Adversarial interview on a Zcash fork; accept it",3,,
2,Zcash ecosystem,ZecHub newsletter and podcast,"Readers who understand the stack",form,zechub.wiki/contribute,free,"Friendly-fork intro; what we changed and did not; credit ECC, ZF, Zingo",1,,
2,Zcash ecosystem,Zcash Community Forum,"Precedent: Ycash friendly fork 2019",forum post,forum.zcashcommunity.com,free,"See forums/zcash-community-forum-intro.md",1,,
2,YouTube,Naomi Brockwell / NBTV,"1M+ subscribers; has covered Zcash and Monero",form + X,nbtv.media contact; @naomibrockwell,free,"Private money with a messenger and browser; honest about what is missing",2,,
3,YouTube,Techlore,"Cautious on crypto; team of two",form,techlore.tech/contact; @techlore,free,"Browser and messenger only",2,,
3,YouTube,The Hated One,"Privacy-maximalist",X,@The_HatedOne_,free,"Default vs optional privacy debate",3,,
3,podcast,Juraj Bednar (Option Plus),"European financial privacy",site,juraj.bednar.io,free,"Financial privacy in the EU before July 2027",3,,
3,tech media,The Register,"FOSS and security readers; crypto-sceptical",email,news@theregister.com,free,"Degoogled Chromium with a wallet; what we removed",2,,
3,tech media,TechCrunch,"Thinner crypto desk",form,techcrunch.com/tips,free,"Product story: browser and messenger",3,,
3,tech media,Wired security desk (Andy Greenberg),"Author of Tracers in the Dark",email,agreenberg@wired.com,free,"Only with a tracing/surveillance angle; low hit rate",3,,
3,community,Hacker News,"Developers; anti-crypto",Show HN,news.ycombinator.com,free,"See forums/show-hn-and-short-posts.md; apps only",2,,
3,mining,MiningPoolStats,"The index miners read",form,miningpoolstats.stream new coins contact,free,"Add SWARM when mining opens",4,,
3,mining,"Equihash pools: 2Miners, f2pool, Luxor, WoolyPooly, HeroMiners, K1Pool","Onboard new coins quickly",X + pool contact,"@2MinersPool @f2pool_official @LuxorTechnology @WoolyPooly @herominers @K1Pool",free,"Equihash 200,9 Zebra fork, standard RPC, network magic SWMN, funding streams in coinbase",4,,
4,paid PR,Chainwire,"Guaranteed placement in CT/CoinDesk/CryptoSlate PR sections","wire","chainwire.org","$1,399 / $2,499 / $6,499",Release 1 or 2,1 or 4,,"optional"
4,paid PR,U.Today,"Transparent cheap PR","form",u.today/press-releases/submit,"$700 / $900",Release 2,4,,"optional"
0,skip,"Bitcoin Magazine, Citadel Dispatch, Bankless, EFF, Tuta blog, Lobste.rs","Bitcoin-only, Ethereum-only or no PR pickup",,,,,,,"do not pitch"
