outlet_or_person,segment,template,contact_used,planned_date,sent_utc,opened,replied,published,link,personal_line,notes
"DL News — Mathew Di Salvo",crypto media,"A0, then A1 or embargo-lifted note","mdisalvo@dlnews.com (probable) with tips@dlnews.com in copy",2026-10-20,,,,,,"You have followed the privacy-coin beat closely this year, including the rally pieces in January and April, so this may be useful to you.","Confirm he still covers the beat (latest listed article 26 April 2026) before sending."
Decrypt,crypto media,"A0, then A1 or embargo-lifted note",editor@decrypt.co,2026-10-20,,,,,,"Decrypt covered the attack on a privacy coin's proof of work, so you know why the hardware and allocation questions matter to readers.",
"The Block — Brian Danga",crypto media,"A0, then A1 or embargo-lifted note",bdanga@theblock.co,2026-10-20,,,,,,"The Block has covered privacy networks and privacy-coin treasuries this year, and this is a new network that states its allocation in full.",
Blockworks,crypto media,A1,"individual reporter, to find",2026-10-26,,,,,,"Your readers follow regulation closely, and this launch lands months before the EU anti-money-laundering rules on accounts apply in July 2027.","Only once a reporter address is found; the tips form refuses pitches."
The Defiant,crypto media,A1,editorial@thedefiant.io,2026-10-26,,,,,,"Your contact page invites news tips and releases, so here is one with the hard parts stated up front.",
"CoinDesk (news desk and one masthead reporter)",crypto media,A1,"news@coindesk.com, and one masthead reporter on the privacy or protocol beat (separate mail)",2026-10-26,,,,,,"CoinDesk has given privacy a whole theme week, and this is a new privacy network that describes its own allocation and closed start block by block.","news@ gets the mail without the personal line; the reporter gets it with the line."
"The Block — Naga Avan-Nomayo",crypto media,A1,"Telegram @shogunaga or X @JeSuisNaga (no email)",2026-10-26,,,,,,"You cover breaking news on markets and networks, and a new proof-of-work mainnet that opens mining to everyone on 1 November is news in that sense.","A direct message from the sender's account: owner's call."
Cointelegraph,crypto media,A1 (editorial only),editor@cointelegraph.com,2026-10-26,,,,,,"Cointelegraph has covered the EU anti-money-laundering rules and the spread of shielded-payment code, and this is a new network that says exactly what it inherited.","Editorial pitch only; never a paid release."
BeInCrypto,crypto media,A1,editorinchief@beincrypto.com,2026-10-26,,,,,,"Your readers span several languages and markets, and this is a launch whose terms are written out in full for all of them.","A person confirms the contact form renders if mail bounces."
Crypto Briefing,crypto media,A1,editorial@cryptobriefing.com,2026-10-26,,,,,,"Your coverage leans to research, so the allocation and closed-start figures are at the top and every one of them can be checked in the explorer.",
Protos,crypto media,A1,editorial@protos.com,2026-10-26,,,,,,"Protos asks where the money comes from and who controls it, so here are the closed start, the allocation and the three addresses before you have to ask.","Cas Piancey also gets the X Space invitation (H1)."
ZecHub newsletter and podcast,upstream ecosystem,D,"Discord or GitHub note from the owner's account",2026-10-26,,,,,,,"Owner item 445 decides whether D is sent. No personal line: D has none."
Zcash Community Forum,upstream ecosystem,pointer (forums/),"forum thread by the session Reddit and Forums",2026-10-26,,,,,,,"Pointer only; logged here when the forum thread is live so D can link to it."
It's FOSS News,FOSS media,B,"form https://itsfoss.com/contact-us/ (news to cover)",2026-10-27,,,,,,"It's FOSS covers open-source app launches, and these are two open-source apps that list what they are missing.","The sender fills the form."
Privacy Guides,privacy media,B (tool entry only),"Tool Suggestions forum, owner's account",2026-10-27,,,,,,"Your criteria ask developers to self-submit, disclose their affiliation, explain the threat model and give the audit status, so this entry does all four for the browser and the messenger.","Owner decision; never pitch the coin (fails their private-by-default criterion)."
"CyberInsider (formerly RestorePrivacy)",privacy media,B (browser only),press@cyberinsider.com,2026-10-27,,,,,,"You review privacy tools for readers who compare them carefully, and this is a browser with Google's services removed and its gaps listed.","Mention nothing paid; they block anyone who does."
Naomi Brockwell / NBTV,YouTube,B,contact@nbtv.media,2026-10-27,,,,,,"Your audience cares about financial privacy as much as private messaging, and these two apps join the two.",
"Techlore (and the Techlore Talks podcast, Henry Fisher)",YouTube,B,contact@techlore.tech,2026-10-27,,,,,,"Techlore Talks interviews the people who build privacy tools, and the builders of these two apps would answer anything about what they protect and what they do not.","Expect no reply as a rule; no second push beyond F1 and F2."
The Hated One,YouTube,B,"X @The_HatedOne_ (unverified) or the About-tab address read by the owner",2026-10-27,,,,,,"Your viewers argue about default versus optional privacy, and this project would rather be argued with than praised.","Check by hand before sending."
"The Register (Linux and open-source desk, Liam Proven)",tech media,B,liam.proven@theregister.com,2026-10-27,,,,,,"Your readers know open source and are sceptical of crypto, so this is about the software: what was removed from Chromium and what is still missing.",
TechCrunch,tech media,B,tips@techcrunch.com,2026-10-27,,,,,,"This is a product story rather than a coin story: a browser and a messenger, open source, with their gaps listed on the download page.",
"Wired security desk (Andy Greenberg)",tech media,B,agreenberg@wired.com,2026-10-27,,,,,,"You have written about how payments get traced, and this project's whole premise is that a payment should not become a public record.","Low hit rate; one send, then F1 and F2 only."
"Monero Talk / Monerotopia (Douglas Tuman)",podcast,C,monerotopia@protonmail.com,2026-10-27,,,,,,"Your show hosts guests from outside its own community and does not go easy on them, which is what we are asking for.","Douglas Tuman is also the fallback for the X Space invitation (H2)."
"Closed Network Privacy Podcast (Simon Walsh)",podcast,C,simon@closednetwork.io,2026-10-27,,,,,,"You prefer a plain mail to a contact form, so here is one plain question: would you interview a privacy-coin team that will answer the hard questions on air?",
"Opt Out podcast (Seth For Privacy)",podcast,C,"@optoutpod @sethforprivacy (unverified)",2026-10-28,,,,,,"Your interviews go deep on the technical side of privacy money, so we would expect the light-wallet server and optional privacy to come up first.","Check by hand before sending: domains down 9 Oct."
Red Panda Mining,mining,C,contact@redpandamining.com,2026-10-28,,,,,,"New proof-of-work coins are your core content, and this one opens to everyone on 1 November with a desktop node and a plain statement about larger hardware.",
"Juraj Bednar (Option Plus)",podcast,C,"form https://juraj.bednar.io/en/contact-me/",2026-10-29,,,,,,"Your listeners care about financial privacy in Europe, and the EU rules apply from July 2027; we are glad to answer in writing rather than on a call.","The sender fills the form."
The Hobbyist Miner,mining,C,TheHobbyistMiner@gmail.com,2026-10-29,,,,,,"Your audience mines at home, and this coin's node mines on the CPU from 1 November while the project says plainly that larger hardware exists.",
Rabid Mining,mining,C,"footer contact or YouTube About address (to confirm)",2026-10-30,,,,,,"You keep a directory of proof-of-work coins and algorithm guides, and this is a new Equihash 200,9 coin with every parameter published.","Check by hand before sending."
"Privacy Interviews (Privacy Guides)",podcast,C (apps and format only),team@privacyguides.org,2026-10-30,,,,,,"Your interview series talks to the people behind privacy tools, and we would answer anything about the browser and the messenger, including what they do not protect.","Expect scrutiny; never pitch the coin as a recommendation."
Mining sites to re-check by hand,mining,C (after hand check),"cryptomining-blog.com; miningchamber.com; voskcoin.io",2026-10-30,,,,,,"Your readers follow new proof-of-work coins, and this one opens to everyone on 1 November.","Check by hand before sending; one row per site once a route is found."
f2pool,mining,E,business@f2pool.com,2026-10-30,,,,,,,"E has no personal line."
Luxor,mining,E,"sales call or support ticket (owner's call)",2026-10-30,,,,,,,"Probably out of scope (Bitcoin pool)."
WoolyPooly,mining,E,"Telegram https://t.me/woolypooly (owner's account)",2026-10-30,,,,,,,
HeroMiners,mining,E,"Telegram https://t.me/HeroMinersPool (owner's account)",2026-10-30,,,,,,,
K1Pool,mining,E,contact@k1pool.com,2026-10-30,,,,,,,
MiningPoolStats,mining,E2,"Quick Message form on miningpoolstats.stream",2026-11-01,,,,,,,"Only after the first public block is in the explorer; the sender fills the form."
Hacker News (Show HN),community,pointer (forums/),"Show HN post by the session Reddit and Forums",per forums/ (Reddit and Forums),,,,,,,"Pointer only; log the thread link here when it is live."
