Text,Date,Time,Draft,Facebook,Twitter/X,LinkedIn,GBP,Instagram,Pinterest,TikTok,YouTube,Threads,Bluesky,Picture Url 1,Picture Url 2,Picture Url 3,Picture Url 4,Picture Url 5,Picture Url 6,Picture Url 7,Picture Url 8,Picture Url 9,Picture Url 10,Alt text picture 1,Alt text picture 2,Alt text picture 3,Alt text picture 4,Alt text picture 5,Alt text picture 6,Alt text picture 7,Alt text picture 8,Alt text picture 9,Alt text picture 10,Document title,Shortener,Video Thumbnail Url,Video Cover Frame,Twitter/X Can reply,Twitter/X Type,Twitter/X Poll Duration minutes,Twitter/X Poll Option 1,Twitter/X Poll Option 2,Twitter/X Poll Option 3,Twitter/X Poll Option 4,Pinterest Board,Pinterest Pin Title,Pinterest Pin Link,Pinterest Pin New Format,Instagram Post Type,Instagram Show Reel On Feed,YouTube Video Title,YouTube Video Type,YouTube Video Privacy,YouTube video for kids,YouTube Video Category,YouTube Video Tags,YouTube Playlist,YouTube Notify Subscribers,GBP Post Type,Facebook Post Type,Facebook Title,First Comment Text,TikTok Title,TikTok disable comments,TikTok disable duet,TikTok disable stitch,TikTok Post Privacy (personal accounts only),TikTok Branded Content (personal accounts only),TikTok Your Brand (personal accounts only),TikTok Auto Add Music (personal accounts only),TikTok Photo Cover Index,TikTok musicId,TikTok music title,TikTok music author,TikTok music previewUrl,TikTok music thumbnailUrl,TikTok music soundVolume,TikTok music originalVolume,TikTok music startMillis,TikTok music endMillis,LinkedIn Type,LinkedIn Poll Question,LinkedIn Poll Option 1,LinkedIn Poll Option 2,LinkedIn Poll Option 3,LinkedIn Poll Option 4,LinkedIn Poll Duration,LinkedIn Show link preview,LinkedIn Images as Carousel,Threads Reply Control,Threads Is Spoiler,Threads Post Type,Brand name (Optional)
"8 November 2016, 20:00: India announced that its 500 and 1,000 rupee notes, 86 percent of cash by value, would be void at midnight. Queues lasted weeks; reports counted over 80 deaths. The central bank found 99.3 percent came back. The black money was not there.",2026-10-25,12:00:00,TRUE,FALSE,TRUE,FALSE,FALSE,FALSE,FALSE,FALSE,FALSE,FALSE,FALSE,,,,,,,,,,,,,,,,,,,,,,FALSE,,,,,,,,,,,,,,,,,,,,,,,,,,,The 99.3 percent figure is from the Reserve Bank of India's 2017-18 annual report: https://m.thewire.in/article/banking/rbi-says-99-3-of-scrapped-money-returned-to-the-banking-system,,,,,,,,,,,,,,,,,,,,,,,,,,,,,,,
"East Germany's Stasi ran about 189,000 informants at its peak, in a country of 16 million: one watcher for every 57 people. It kept the smell of suspects in sealed jars, on cloth from stolen underwear, for the dogs. When the files were opened in 1990 there were 111 kilometres.",2026-10-26,03:30:00,TRUE,FALSE,TRUE,FALSE,FALSE,FALSE,FALSE,FALSE,FALSE,FALSE,FALSE,https://upload.wikimedia.org/wikipedia/commons/f/f6/Geruchskonserve_MfS_Deutsches_Spionagemuseum_Berlin.jpg,,,,,,,,,,,,,,,,,,,,,FALSE,,,,,,,,,,,,,,,,,,,,,,,,,,,"The smell jars, with photographs: https://germanhistorydocs.org/en/a-new-germany-1990-2023/individual-odor-samples-preserved-by-the-stasi-1990s Informant counts vary by year; 189,000 is the usual peak figure.
Image: Deutsches Spionagemuseum Berlin, Geruchskonserve MfS, via Wikimedia Commons, CC BY 4.0",,,,,,,,,,,,,,,,,,,,,,,,,,,,,,,
"SWARM mainnet has run since 2 October. Until 31 October, 15:42 UTC only the project's own machines mine; those blocks are in the explorer, split like every block. Then 24 hours for the waiting list; from 1 November, 15:42 UTC anyone can mine. No coins are promised.",2026-10-26,09:30:00,TRUE,FALSE,TRUE,FALSE,FALSE,FALSE,FALSE,FALSE,FALSE,FALSE,FALSE,,,,,,,,,,,,,,,,,,,,,,FALSE,,,,,,,,,,,,,,,,,,,,,,,,,,,"Please keep ASICs and rented hash power off the network. The closed start explained in full, with the numbers: https://swarm.green/network The waiting list is free: https://swarm.green/waitlist
6 days until anyone can run a SWARM node: 1 November, 15:42 UTC. No coins are promised.",,,,,,,,,,,,,,,,,,,,,,,,,,,,,,,
In 1883 Auguste Kerckhoffs wrote the rule cryptographers still follow: a system must stay secure even if everything about it except the key is public. Secrecy of the design is how you get a backdoor nobody can review. Code you cannot read is code you cannot check.,2026-10-27,03:30:00,TRUE,FALSE,TRUE,FALSE,FALSE,FALSE,FALSE,FALSE,FALSE,FALSE,FALSE,,,,,,,,,,,,,,,,,,,,,,FALSE,,,,,,,,,,,,,,,,,,,,,,,,,,,"""La cryptographie militaire"", 1883, with the six principles: https://www.petitcolas.net/kerckhoffs/index.html",,,,,,,,,,,,,,,,,,,,,,,,,,,,,,,
"Name one thing you still pay for in cash, and why. Not a trick question. We are trying to understand which payments people instinctively keep off the record.",2026-10-27,09:30:00,TRUE,FALSE,TRUE,FALSE,FALSE,FALSE,FALSE,FALSE,FALSE,FALSE,FALSE,,,,,,,,,,,,,,,,,,,,,,FALSE,,,,,,,,,,,,,,,,,,,,,,,,,,,,,,,,,,,,,,,,,,,,,,,,,,,,,,,,,,
"A separate browser profile for money, five minutes to set up: no extensions except the ones you need, bookmarks for the wallet and the exchange instead of search results, and never log in anywhere else from it. Most wallet thefts start with a search result that looked right.",2026-10-28,03:30:00,TRUE,FALSE,TRUE,FALSE,FALSE,FALSE,FALSE,FALSE,FALSE,FALSE,FALSE,,,,,,,,,,,,,,,,,,,,,,FALSE,,,,,,,,,,,,,,,,,,,,,,,,,,,,,,,,,,,,,,,,,,,,,,,,,,,,,,,,,,
"Five times a government switched off people's money, in democracies as well as dictatorships. None of them was long ago.",2026-10-28,09:30:00,TRUE,FALSE,TRUE,FALSE,FALSE,FALSE,FALSE,FALSE,FALSE,FALSE,FALSE,,,,,,,,,,,,,,,,,,,,,,FALSE,,,,,,,,,,,,,,,,,,,,,,,,,,,Sources: Federal Reserve History on 1933-34 https://www.federalreservehistory.org/essays/gold-reserve-act Cyprus https://www.globalbankingandfinance.com/bailing-in-depositors-lessons-from-cyprus Greece https://www.voanews.com/a/europe_greece-ends-crisis-era-capital-controls/6174987.html Nigeria https://www.africanews.com/2023/03/03/supreme-court-faults-president-buhari-on-naira-redesign-policy/,,,,,,,,,,,,,,,,,,,,,,,,,,,,,,,
"""No one shall be subjected to arbitrary interference with his privacy, family, home or correspondence.""
Article 12, Universal Declaration of Human Rights, 10 December 1948. Correspondence meant letters then. It means messages now. The right did not change; the envelope did.",2026-10-29,03:30:00,TRUE,FALSE,TRUE,FALSE,FALSE,FALSE,FALSE,FALSE,FALSE,FALSE,FALSE,,,,,,,,,,,,,,,,,,,,,,FALSE,,,,,,,,,,,,,,,,,,,,,,,,,,,"The text, all thirty articles: https://www.ohchr.org/sites/default/files/UDHR/Documents/UDHR_Translations/eng.pdf",,,,,,,,,,,,,,,,,,,,,,,,,,,,,,,
"SWARM Browser, Windows pre-release: Chromium 153 from ungoogled-chromium, Google's services removed, the SWARM wallet in the toolbar, keys kept outside the browser. Not in it yet: tracker blocking, phishing lists, macOS, Linux, signed builds. Better we list it than you find out.",2026-10-29,09:30:00,TRUE,FALSE,TRUE,FALSE,FALSE,FALSE,FALSE,FALSE,FALSE,FALSE,FALSE,,,,,,,,,,,,,,,,,,,,,,FALSE,,,,,,,,,,,,,,,,,,,,,,,,,,,"The full list of what is removed, what is on and what is missing: https://swarm.green/ecosystem/browser
3 days until anyone can run a SWARM node: 1 November, 15:42 UTC. No coins are promised.",,,,,,,,,,,,,,,,,,,,,,,,,,,,,,,
"Hong Kong, 2019: protesters queued to buy single MTR tickets with cash instead of tapping their Octopus cards, because a card's trip history could place them at a march. Others left coins for strangers. When a payment leaves a trail, people under pressure go back to cash.",2026-10-30,03:30:00,TRUE,FALSE,TRUE,FALSE,FALSE,FALSE,FALSE,FALSE,FALSE,FALSE,FALSE,,,,,,,,,,,,,,,,,,,,,,FALSE,,,,,,,,,,,,,,,,,,,,,,,,,,,"Hong Kong Free Press, September 2019: https://hongkongfp.com/2019/09/22/explainer-communist-partys-railway-hong-kongs-respected-mtr-fell-afoul-protesters/",,,,,,,,,,,,,,,,,,,,,,,,,,,,,,,
"Tomorrow at 15:42 UTC the waiting list gets access, in leaderboard order; on 1 November at 15:42 UTC mining opens for everyone. To prepare: install the wallet, write down the 24 words, copy your swm1 address; your node will pay there. No coins are promised.",2026-10-30,09:30:00,TRUE,FALSE,TRUE,FALSE,FALSE,FALSE,FALSE,FALSE,FALSE,FALSE,FALSE,,,,,,,,,,,,,,,,,,,,,,FALSE,,,,,,,,,,,,,,,,,,,,,,,,,,,"Please keep ASICs and rented hash power off the network. The waiting list is free and asks for an email address and a swm1 address, nothing else: https://swarm.green/waitlist
2 days until anyone can run a SWARM node: 1 November, 15:42 UTC. No coins are promised.",,,,,,,,,,,,,,,,,,,,,,,,,,,,,,,
"The first Bitcoin block, 3 January 2009, carries a headline: ""The Times 03/Jan/2009 Chancellor on brink of second bailout for banks."" It proves the block was not made earlier. It also says why it was made. Money decided over people's heads, answered with money nobody decides.",2026-10-31,06:00:00,TRUE,FALSE,TRUE,FALSE,FALSE,FALSE,FALSE,FALSE,FALSE,FALSE,FALSE,,,,,,,,,,,,,,,,,,,,,,FALSE,,,,,,,,,,,,,,,,,,,,,,,,,,,The front page itself: https://www.thetimes03jan2009.com/,,,,,,,,,,,,,,,,,,,,,,,,,,,,,,,
"15:42 UTC. Access for the waiting list is open; downloads go out in leaderboard order over 24 hours. Public mining opens 1 November, 15:42 UTC. Check the SHA-256 before you install and keep the 24 words off the mining machine. No coins are promised.
https://swarm.green/waitlist",2026-10-31,11:42:00,TRUE,FALSE,TRUE,FALSE,FALSE,FALSE,FALSE,FALSE,FALSE,FALSE,FALSE,,,,,,,,,,,,,,,,,,,,,,FALSE,,,,,,,,,,,,,,,,,,,,,,,,,,,"Please keep ASICs and rented hash power off the network. Downloads with their SHA-256 checksums, as they go out: https://swarm.green/ecosystem",,,,,,,,,,,,,,,,,,,,,,,,,,,,,,,
"""The root problem with conventional currency is all the trust that's required to make it work. The central bank must be trusted not to debase the currency, but the history of fiat currencies is full of breaches of that trust.""
Satoshi Nakamoto, 11 February 2009.",2026-11-01,06:00:00,TRUE,FALSE,TRUE,FALSE,FALSE,FALSE,FALSE,FALSE,FALSE,FALSE,FALSE,,,,,,,,,,,,,,,,,,,,,,FALSE,,,,,,,,,,,,,,,,,,,,,,,,,,,"The post, on the P2P Foundation forum: https://p2pfoundation.ning.com/forum/topics/bitcoin-open-source",,,,,,,,,,,,,,,,,,,,,,,,,,,,,,,
"Public mining is open. Anyone can run SWARM Node from this moment: download, compare the SHA-256, enter your swm1 address, start. It runs a full node and mines on your CPU. Same rules for everyone from here on. No coins are promised. 🐝
https://swarm.green/ecosystem",2026-11-01,11:42:00,TRUE,FALSE,TRUE,FALSE,FALSE,FALSE,FALSE,FALSE,FALSE,FALSE,FALSE,https://swarm.green/assets/og.png,,,,,,,,,,,,,,,,,,,,,FALSE,,,,,,,,,,,,,,,,,,,,,,,,,,,Please keep ASICs and rented hash power off the network. SWARM Node with its SHA-256 checksum and the setup steps: https://swarm.green/ecosystem/node,,,,,,,,,,,,,,,,,,,,,,,,,,,,,,,
"What a block explorer can see. On a transparent chain: every address, amount and time, forever, and how they link. On a shielded chain: that a valid transaction happened, its fee, its size, and a proof. The explorer is honest either way. The question is what was written down.",2026-11-02,03:30:00,TRUE,FALSE,TRUE,FALSE,FALSE,FALSE,FALSE,FALSE,FALSE,FALSE,FALSE,,,,,,,,,,,,,,,,,,,,,,FALSE,,,,,,,,,,,,,,,,,,,,,,,,,,,See for yourself on SWARM mainnet: https://mainnet.explore.swarm.green,,,,,,,,,,,,,,,,,,,,,,,,,,,,,,,
"Started a node yesterday? It verifies every block from genesis before it mines; that is the point. To check the chain, compare its genesis hash with the verify page and its height with the explorer. Disagree with both and you are on another network. No coins are promised.",2026-11-02,09:30:00,TRUE,FALSE,TRUE,FALSE,FALSE,FALSE,FALSE,FALSE,FALSE,FALSE,FALSE,,,,,,,,,,,,,,,,,,,,,,FALSE,,,,,,,,,,,,,,,,,,,,,,,,,,,Please keep ASICs and rented hash power off the network. The genesis hash and how to compare it: https://swarm.green/verify,,,,,,,,,,,,,,,,,,,,,,,,,,,,,,,
"December 2010: within four days PayPal, Visa and MasterCard cut off donations to WikiLeaks. No court order, no charge. The organisation said 95 percent of its income vanished. Whatever you think of the target, a payment company had shown it could switch off anyone in a week.",2026-11-03,03:30:00,TRUE,FALSE,TRUE,FALSE,FALSE,FALSE,FALSE,FALSE,FALSE,FALSE,FALSE,,,,,,,,,,,,,,,,,,,,,,FALSE,,,,,,,,,,,,,,,,,,,,,,,,,,,"Forbes, 7 December 2010: https://www.forbes.com/sites/andygreenberg/2010/12/07/visa-mastercard-move-to-choke-wikileaks/ WikiLeaks' own account of the blockade: https://wikileaks.org/Banking-Blockade.html",,,,,,,,,,,,,,,,,,,,,,,,,,,,,,,
"What would you need to see before you trusted a new privacy tool with real money? Open code, an independent review, a year of uptime, a name you already know? Honest answers help us decide what to publish first.",2026-11-03,09:30:00,TRUE,FALSE,TRUE,FALSE,FALSE,FALSE,FALSE,FALSE,FALSE,FALSE,FALSE,,,,,,,,,,,,,,,,,,,,,,FALSE,,,,,,,,,,,,,,,,,,,,,,,,,,,,,,,,,,,,,,,,,,,,,,,,,,,,,,,,,,
"Five minutes: type your email into Have I Been Pwned. Most people find a breach they never heard of. Then two things: a different password for every site, kept in a password manager, and passkeys where offered. Reused passwords empty more wallets than wallet bugs do.",2026-11-04,03:30:00,TRUE,FALSE,TRUE,FALSE,FALSE,FALSE,FALSE,FALSE,FALSE,FALSE,FALSE,,,,,,,,,,,,,,,,,,,,,,FALSE,,,,,,,,,,,,,,,,,,,,,,,,,,,https://haveibeenpwned.com/ (run by Troy Hunt since 2013; it stores nothing you type),,,,,,,,,,,,,,,,,,,,,,,,,,,,,,,
"Private digital money was not invented in 2008. It took forty years and about a dozen people, most of whom you have never heard of. The relay, in order:",2026-11-04,09:30:00,TRUE,FALSE,TRUE,FALSE,FALSE,FALSE,FALSE,FALSE,FALSE,FALSE,FALSE,,,,,,,,,,,,,,,,,,,,,,FALSE,,,,,,,,,,,,,,,,,,,,,,,,,,,Two good long reads: Bitcoin Magazine on Chaum and eCash https://bitcoinmagazine.com/culture/genesis-files-how-david-chaums-ecash-spawned-cypherpunk-dream and Radiolab on the 2016 ceremony https://radiolab.org/podcast/ceremony/transcript,,,,,,,,,,,,,,,,,,,,,,,,,,,,,,,
"""If privacy is outlawed, only outlaws will have privacy.""
Phil Zimmermann, Why I Wrote PGP, 1991. He wrote it before the investigation, the book trick and the dropped case. He was describing the world he expected. It is roughly the one we got, except that the tools exist.",2026-11-05,03:30:00,TRUE,FALSE,TRUE,FALSE,FALSE,FALSE,FALSE,FALSE,FALSE,FALSE,FALSE,,,,,,,,,,,,,,,,,,,,,,FALSE,,,,,,,,,,,,,,,,,,,,,,,,,,,"The essay, as updated in 1999: https://www.philzimmermann.com/EN/essays/WhyIWrotePGP.html",,,,,,,,,,,,,,,,,,,,,,,,,,,,,,,
"From 10 July 2027 the EU's anti-money-laundering regulation applies: cash payments to businesses capped at 10,000 euros, and crypto services may not offer anonymous accounts or handle anonymity-enhancing coins. It binds exchanges, not you. Self-custody is untouched.",2026-11-05,09:30:00,TRUE,FALSE,TRUE,FALSE,FALSE,FALSE,FALSE,FALSE,FALSE,FALSE,FALSE,,,,,,,,,,,,,,,,,,,,,,FALSE,,,,,,,,,,,,,,,,,,,,,,,,,,,"Regulation (EU) 2024/1624, search EUR-Lex for 32024R1624. A plain-language summary: https://techlawpolicy.com/2025/06/eu-vs-crypto-anonymity-what-you-need-to-know/",,,,,,,,,,,,,,,,,,,,,,,,,,,,,,,
"Sweden nearly abolished cash: about 10 percent of shop purchases, says the Riksbank's 2025 report. Then the central bank asked parliament to make shops selling food, medicine and fuel accept it again. Not nostalgia: money that needs a server stops working when the server does.",2026-11-06,03:30:00,TRUE,FALSE,TRUE,FALSE,FALSE,FALSE,FALSE,FALSE,FALSE,FALSE,FALSE,,,,,,,,,,,,,,,,,,,,,,FALSE,,,,,,,,,,,,,,,,,,,,,,,,,,,"Riksbank, Payments Report 2025: https://www.riksbank.se/globalassets/media/rapporter/betalningsrapport/2025/engelsk/payments-report-2025.pdf",,,,,,,,,,,,,,,,,,,,,,,,,,,,,,,
"One month of this account. We published a chain, a wallet, a messenger, a browser pre-release, a node, and a list of what is missing. Nobody promises you a price. SWARM is private money: shielded by default, mined by anyone since 1 November. Mined, not sold. Thank you. 🐝",2026-11-06,09:30:00,TRUE,FALSE,TRUE,FALSE,FALSE,FALSE,FALSE,FALSE,FALSE,FALSE,FALSE,,,,,,,,,,,,,,,,,,,,,,FALSE,,,,,,,,,,,,,,,,,,,,,,,,,,,https://swarm.green,,,,,,,,,,,,,,,,,,,,,,,,,,,,,,,
"A question for people who use privacy tools every day: what made you stop trusting a product that called itself private? Not the brand, the moment. We are collecting the answers for the things we have not built yet.",2026-11-07,06:00:00,TRUE,FALSE,TRUE,FALSE,FALSE,FALSE,FALSE,FALSE,FALSE,FALSE,FALSE,,,,,,,,,,,,,,,,,,,,,,FALSE,,,,,,,,,,,,,,,,,,,,,,,,,,,,,,,,,,,,,,,,,,,,,,,,,,,,,,,,,,
"""The right to be let alone, the most comprehensive of rights and the right most valued by civilized men.""
Justice Louis Brandeis, dissenting, 4 June 1928, in a case about wiretaps. He lost 5 to 4. The Supreme Court adopted his view in 1967. Being right took 39 years.",2026-11-08,06:00:00,TRUE,FALSE,TRUE,FALSE,FALSE,FALSE,FALSE,FALSE,FALSE,FALSE,FALSE,,,,,,,,,,,,,,,,,,,,,,FALSE,,,,,,,,,,,,,,,,,,,,,,,,,,,"Olmstead v. United States (1928) and the dissent, explained by the National Constitution Center: https://constitutioncenter.org/blog/olmstead-case-was-a-watershed-for-supreme-court",,,,,,,,,,,,,,,,,,,,,,,,,,,,,,,
"What does a year of your bank statement reveal? Where you sleep, who you sleep with, your doctor, your church, your politics, your drinking. In the US you have no constitutional privacy interest in it; the Supreme Court decided that in 1976. The bank's records are the bank's.",2026-11-11,03:30:00,TRUE,FALSE,TRUE,FALSE,FALSE,FALSE,FALSE,FALSE,FALSE,FALSE,FALSE,,,,,,,,,,,,,,,,,,,,,,FALSE,,,,,,,,,,,,,,,,,,,,,,,,,,,"United States v. Miller, 425 U.S. 435 (1976): https://supreme.justia.com/cases/federal/us/425/435/ The 1970 Bank Secrecy Act that started it was upheld in 1974.",,,,,,,,,,,,,,,,,,,,,,,,,,,,,,,
On 27 March 1943 a sculptor and a painter dressed as policemen walked into the Amsterdam population registry and set it on fire. They were trying to destroy a database. Here is why it mattered.,2026-11-11,09:30:00,TRUE,FALSE,TRUE,FALSE,FALSE,FALSE,FALSE,FALSE,FALSE,FALSE,FALSE,,,,,,,,,,,,,,,,,,,,,,FALSE,,,,,,,,,,,,,,,,,,,,,,,,,,,Sources: Anne Frank House https://www.annefrank.org/en/timeline/128/the-resistance-attacks-the-population-register-of-amsterdam/ and the Dutch Resistance Museum https://www.verzetsmuseum.org/en/kennisbank/armed-resistance-1,,,,,,,,,,,,,,,,,,,,,,,,,,,,,,,
