Text,Date,Time,Draft,Twitter,Picture Url 1,Thread (not importable by CSV),First reply (link/source),Id,Pillar
In 1993 the US government began investigating Phil Zimmermann because his encryption program had left the country. Strong cryptography was legally a munition. In 1995 MIT Press printed the source code as a book. Books could be exported. The case was dropped in 1996.,2026-10-12,03:30,FALSE,TRUE,,,"Zimmermann's own note on the day the case was dropped, 11 January 1996: https://www.mit.edu/~prz/EN/news/PRZ_case_dropped.html",d06-a,story
"Thirty seconds that protect your money. Before you install a wallet, check its SHA-256:
Linux: sha256sum file
macOS: shasum -a 256 file
Windows: Get-FileHash file
Compare it with the download page. One character different means a different file. Do not install it.",2026-10-12,09:30,FALSE,TRUE,,,,d06-b,value
"In 20 days, on 1 November at 15:42 UTC, anyone can mine SWARM. No sale, no VC round. 80 percent of every block to the miner who found it, 20 percent to three published project addresses. Until 31 October only the project's own machines mine. No coins are promised.",2026-10-12,12:00,FALSE,TRUE,,,"Please keep ASICs and rented hash power off the network. The closed start with its dates and amounts, stated in full: https://swarm.green/network Height on SWARM mainnet when this went out: [read on the day] https://mainnet.explore.swarm.green",c-t21,promo
"A bank sees your payments. A transparent blockchain shows them to everyone, forever, and lets anyone link them. That is not a flaw in Bitcoin; it is the design. Chain-analysis firms exist because it works. The only amount nobody can analyse is the one that was never written down.",2026-10-13,03:30,FALSE,TRUE,,,"How linking works, in plain words (the common-input-ownership heuristic and friends): https://en.bitcoin.it/wiki/Privacy",d07-a,explain
"If a stranger could read one year of your card statements, what would they know about you that you have never told anyone? Not asking for the answer. Asking whether there is one.",2026-10-13,09:30,FALSE,TRUE,,,,d07-b,question
"Your 24 words are the wallet. Not the app, not the phone. Write them on paper, twice, and keep the copies apart. Never a photo: phone photos go to cloud backups, and backups get read. Never a text file. Anyone with the words has the money; nobody without them can recover it.",2026-10-14,03:30,FALSE,TRUE,,,Why 24 words are enough: each list of words encodes 256 bits of randomness (BIP-39) https://github.com/bitcoin/bips/blob/master/bip-0039.mediawiki,d08-a,value
In 1993 the US government built a phone chip with a government key inside. It promised the key would only be used by the good guys. One researcher broke it in a year. The argument it settled is being had again in 2026.,2026-10-14,09:30,FALSE,TRUE,,"1/ April 1993: the Clipper chip. NSA-designed encryption for phones, with every key held in escrow by the government. The algorithm, Skipjack, was classified. ""Trust us"" was the design. ||| 2/ 1994: Matt Blaze at AT&T Bell Labs showed the escrow field had a 16-bit checksum. Brute-force it and you keep the encryption while the government's copy of the key stops working. The backdoor was the weakest part. ||| 3/ Industry and civil-liberties groups refused it. By 1996 the programme was dead. Nobody has since built a key escrow that only the intended party can use, because mathematics does not know who the good guys are. ||| 4/ 2025: the EU's ""chat control"" proposal would have ordered messaging apps to scan encrypted messages. It was pulled from a vote in October 2025 after Germany joined a blocking minority. The Council settled on voluntary scanning in November. It will be back. ||| 5/ The lesson has not changed in 33 years: a door that opens for one party opens for whoever finds the key. Which messaging app would you drop first if it added a scanner?",Sources: EFF on Clipper https://www.eff.org/deeplinks/2015/04/clipper-chips-birthday-looking-back-22-years-key-escrow-failures and eucrim on the November 2025 Council position https://eucrim.eu/news/csa-regulation-council-position-reached/,d08-b,story
"""Watch someone long enough, and you'll find something to arrest, or just blackmail, with.""
Bruce Schneier, 18 May 2006. The question was never whether you have something to hide. It is whether someone with power over you wants to find it.",2026-10-15,03:30,FALSE,TRUE,,,"The essay, ""The Eternal Value of Privacy"": https://www.schneier.com/essays/archives/2006/05/the_eternal_value_of.html",d09-a,quote
"SWARM Wallet for Windows, macOS and Linux: shielded by default, a 24-word phrase, a lock code. Every address is labelled with what it is, and the wallet refuses one from the wrong network. Unsigned for now; compare the SHA-256 before you install. Open source.",2026-10-15,09:30,FALSE,TRUE,,,"Downloads with checksums: https://swarm.green/ecosystem/wallet
17 days until anyone can run a SWARM node: 1 November, 15:42 UTC. No coins are promised.",d09-b,promo
14 February 2022: Canada invoked the Emergencies Act and banks froze about 280 accounts with no court order. In January 2024 a federal judge ruled the orders unreasonable and a Charter breach. In January 2026 the appeal court agreed. The money was frozen when it mattered.,2026-10-16,03:30,FALSE,TRUE,,,The 2024 ruling https://www.cbc.ca/news/politics/emergencies-act-federal-court-1.7091891 and the 2026 appeal https://www.cbc.ca/news/politics/convoy-protest-emergencies-act-appeal-9.7046769 A 2023 public inquiry had found the invocation justified; the courts disagreed on the financial orders.,d10-a,story
"""We kill people based on metadata."" Michael Hayden, former NSA and CIA director, 2014. Metadata is who, when, how often, from where. In 2016 Stanford researchers used phone logs alone to infer illnesses and gun ownership. Encryption protects the words. Metadata is the rest.",2026-10-16,09:30,FALSE,TRUE,,,"The Stanford study (Mayer, Mutchler, Mitchell, PNAS 2016): https://www.pnas.org/doi/10.1073/pnas.1508081113 Hayden's remark, Johns Hopkins, April 2014: https://www.nybooks.com/online/2014/05/10/we-kill-people-based-metadata/",d10-b,explain
"""Running bitcoin."" Hal Finney posted those two words on 11 January 2009. The next day he received the first Bitcoin transaction. Diagnosed with ALS that year, he kept writing code until he could only move his eyes. He died in 2014. The tools you use were built by people.",2026-10-17,06:00,FALSE,TRUE,,,"His own account, ""Bitcoin and Me"", written in 2013: https://bitcointalk.org/index.php?topic=155054.0",d11-a,story
"""Privacy is not secrecy. A private matter is something one doesn't want the whole world to know, but a secret matter is something one doesn't want anybody to know.""
Eric Hughes, A Cypherpunk's Manifesto, 9 March 1993. Still the clearest line on the subject.",2026-10-17,12:00,FALSE,TRUE,,,The whole manifesto is 700 words and worth the five minutes: https://www.activism.net/cypherpunk/manifesto.html,d01-a,quote
"25 July 2025: the UK began requiring ID or a face scan to view parts of the internet. Proton VPN reported sign-ups up 1,400 percent within hours. Half of the UK App Store's top ten free apps were VPNs. People route around a checkpoint faster than a law can be written.",2026-10-18,06:00,FALSE,TRUE,,,"ITV News, 28 July 2025: https://www.itv.com/news/2025-07-28/vpn-downloads-spike-as-uk-introduces-age-checks-for-adult-online-content The percentages are the VPN companies' own.",d12-a,story
How do you prove you know a secret without saying it? A 1989 paper used a cave: a ring with a locked door at the back. You walk in. I shout which side to come out of. Come out right 20 times in a row and you know the password. I never heard it. That is a zero-knowledge proof.,2026-10-18,12:00,FALSE,TRUE,,,"The paper: Quisquater, Guillou and others, ""How to Explain Zero-Knowledge Protocols to Your Children"", CRYPTO 1989 https://doi.org/10.1007/0-387-34805-0_60
A shielded payment works the same way: the chain checks the proof and never sees the amount.",d02-a,explain
In 1983 West Germans boycotted their own census. On 15 December 1983 the Constitutional Court struck down parts of it and wrote a new right into law: informational self-determination. Its reasoning: people who cannot know who knows what about them stop exercising their freedoms.,2026-10-19,03:30,FALSE,TRUE,,,The court's English summary of the census judgment: https://www.bundesverfassungsgericht.de/SharedDocs/Entscheidungen/EN/1983/12/rs19831215_1bvr020983en.html,d13-a,story
"Why privacy by default beats privacy as an option: a private payment hides in a crowd. If privacy is optional, the crowd is small and using it marks you out. If it is the default, the crowd is everyone. The maths is the same; the number of people inside it is the difference.",2026-10-19,09:30,FALSE,TRUE,,,,d13-b,explain
"July 1977: a letter signed ""J. A. Meyer"" warned the IEEE that publishing cryptography research might break export law. Meyer worked at the NSA. Martin Hellman presented his students' papers himself, so only he risked prosecution. They were published. You use them daily.",2026-10-20,03:30,FALSE,TRUE,,,"Stanford Magazine, ""Keeping Secrets"": https://stanfordmag.org/contents/keeping-secrets Whether the agency ordered the letter is disputed; its director later called it a personal initiative.",d14-a,story
"Five questions sort most privacy claims, for any coin or app:
1. Default, or an option?
2. What does the record contain?
3. What does the server, or your ISP, still see?
4. Who gets a share of every block, fee or sale?
5. Has the exact code you run been reviewed, and by whom?",2026-10-20,09:30,FALSE,TRUE,,,,d14-b,explain
"Five-minute check: open a browser-leak test page in your usual browser. Look for three things: the referrer it sends, your local IP address via WebRTC, and the fingerprint it builds from your fonts and canvas. Most people find all three. Each one is a setting, not a fate.",2026-10-21,03:30,FALSE,TRUE,,,Two test pages that explain what they find: https://coveryourtracks.eff.org/ and https://browserleaks.com/,d15-a,value
"On 8 March 1971, while America watched Ali fight Frazier, eight people broke into an FBI office in Media, Pennsylvania and took every file. What they found changed the law on surveillance. A story about the people who looked.",2026-10-21,09:30,FALSE,TRUE,,"1/ They called themselves the Citizens' Commission to Investigate the FBI and mailed the documents to journalists. Betty Medsger at the Washington Post published. The FBI never caught them; seven came forward to her in 2014. ||| 2/ The files revealed COINTELPRO: a secret programme against civil-rights, anti-war and Black organisations. Infiltration, forged letters, pressure on employers. The targets were citizens, not spies. ||| 3/ 1975: the Senate's Church Committee read 110,000 documents and heard 800 witnesses. It confirmed the FBI had bugged Martin Luther King Jr. and sent him an anonymous letter urging him to kill himself. The NSA had read Americans' telegrams for decades. ||| 4/ The result was the Foreign Intelligence Surveillance Act of 1978: a court between the state and the wiretap. Not perfect. Better than nothing, which is what existed before. ||| 5/ ""Nothing to hide"" assumes the watcher agrees with you about what counts as dangerous. King had nothing to hide. Which of your lawful beliefs would a future watcher dislike?",Sources: the Church Committee's reports https://www.senate.gov/about/resources/pdf/church-committee-full-citations.pdf and PBS on the Media burglary https://www.pbs.org/newshour/show/unlikely-group-changed-face-fbi-retold-burglary,d15-b,story
"In 2014 Glenn Greenwald answered ""I have nothing to hide"" with an offer: email him the passwords to all your accounts, so he could read what he liked and publish what he found interesting. Not one person has taken him up on it. Everyone has a door they lock.",2026-10-22,03:30,FALSE,TRUE,,,"The talk, ""Why privacy matters"", TEDGlobal 2014: https://www.ted.com/talks/glenn_greenwald_why_privacy_matters",d16-a,quote
"SWARM Messenger: end-to-end encrypted chat between wallets, with payments inside the conversation. Sign in with your 24 words; no phone number, no account. Built from Signal's open code, on our own server, never Signal's. Desktop only, unsigned. We list what is missing.",2026-10-22,09:30,FALSE,TRUE,,,"What it does and what it does not do yet: https://swarm.green/ecosystem/messenger
10 days until anyone can run a SWARM node: 1 November, 15:42 UTC. No coins are promised.",d16-b,promo
"1 December 2001: Argentina froze bank accounts. 250 pesos a week, then worth 250 dollars. The president resigned on 20 December. In 2002 dollar deposits became pesos at about 1.40 as the market passed 3. ""Your dollars are safe in the bank"" held until the bank was told to stop.",2026-10-23,03:30,FALSE,TRUE,,,"Twenty years on, from Buenos Aires: https://www.batimes.com.ar/news/argentina/argentines-recall-nations-worst-ever-crisis-20-years-on.phtml",d17-a,story
"A mixer and a shielded pool differ. A mixer shuffles coins between users; the amounts, entries and exits still sit on the chain. A shielded pool never writes the amount or the parties; it writes a proof that the sums balance. Different maths, and in 2025 different courtrooms.",2026-10-23,09:30,FALSE,TRUE,,,The courtrooms: Tornado Cash delisted from US sanctions in March 2025 after a court said code is not property https://www.venable.com/insights/publications/2025/04/a-legal-whirlwind-settles-treasury-lifts-sanctions and the Samourai Wallet developers sentenced in November 2025 https://www.irs.gov/compliance/criminal-investigation/founders-of-samourai-wallet-cryptocurrency-mixing-service-sentenced-to-five-and-four-years-in-prison,d17-b,explain
"31 July 1932: Wörgl, Austria, printed its own money against the Depression. The notes lost 1 percent a month unless stamped, so people spent them. By its own account the town built roads and a bridge while the country stood still. On 1 September 1933 the central bank banned it.",2026-10-24,06:00,FALSE,TRUE,,,Two views of the same experiment: Bernard Lietaer's annotated account https://bernard-lietaer.org/wp-content/uploads/2022/07/2010-The-Worgl-Experiment-Austria-1932-1933-Lietaer-annotated.pdf and a sceptical one from the Mises Institute https://mises.org/library/free-money-miracle,d18-a,story
"SWARM is private money. A shielded payment keeps the sender, the receiver and the amount encrypted on the chain, and the network still verifies it, with a proof like the cave we described last Sunday. Proof of work, open source. This account is mostly about why that matters.",2026-10-24,12:00,FALSE,TRUE,https://swarm.green/assets/og.png,,"What it is, in one page: https://swarm.green/what-is-swarm",d02-b,promo
"Read any privacy policy in two minutes. Search the page for three words: ""share"", ""partners"", ""retain"". The sentences around them are the policy. Everything else is decoration. If ""partners"" appears and is never listed, assume it means anyone who pays.",2026-10-25,06:00,FALSE,TRUE,,,Someone has already done this for most big services: https://tosdr.org/,d19-a,value
"8 November 2016, 20:00: India announced that its 500 and 1,000 rupee notes, 86 percent of cash by value, would be void at midnight. Queues lasted weeks; reports counted over 80 deaths. The central bank found 99.3 percent came back. The black money was not there.",2026-10-25,12:00,FALSE,TRUE,,,The 99.3 percent figure is from the Reserve Bank of India's 2017-18 annual report: https://m.thewire.in/article/banking/rbi-says-99-3-of-scrapped-money-returned-to-the-banking-system,d03-a,story
"East Germany's Stasi ran about 189,000 informants at its peak, in a country of 16 million: one watcher for every 57 people. It kept the smell of suspects in sealed jars, on cloth from stolen underwear, for the dogs. When the files were opened in 1990 there were 111 kilometres.",2026-10-26,03:30,FALSE,TRUE,,,"The smell jars, with photographs: https://germanhistorydocs.org/en/a-new-germany-1990-2023/individual-odor-samples-preserved-by-the-stasi-1990s Informant counts vary by year; 189,000 is the usual peak figure.",d20-a,story
"SWARM mainnet has run since 2 October. Until 31 October, 15:42 UTC only the project's own machines mine; those blocks are in the explorer, split like every block. Then 24 hours for the waiting list; from 1 November, 15:42 UTC anyone can mine. No coins are promised.",2026-10-26,09:30,FALSE,TRUE,,,"Please keep ASICs and rented hash power off the network. The closed start explained in full, with the numbers: https://swarm.green/network The waiting list is free: https://swarm.green/waitlist
6 days until anyone can run a SWARM node: 1 November, 15:42 UTC. No coins are promised.",d20-b,promo
In 1883 Auguste Kerckhoffs wrote the rule cryptographers still follow: a system must stay secure even if everything about it except the key is public. Secrecy of the design is how you get a backdoor nobody can review. Code you cannot read is code you cannot check.,2026-10-27,03:30,FALSE,TRUE,,,"""La cryptographie militaire"", 1883, with the six principles: https://www.petitcolas.net/kerckhoffs/index.html",d21-a,explain
"Name one thing you still pay for in cash, and why. Not a trick question. We are trying to understand which payments people instinctively keep off the record.",2026-10-27,09:30,FALSE,TRUE,,,,d21-b,question
"A separate browser profile for money, five minutes to set up: no extensions except the ones you need, bookmarks for the wallet and the exchange instead of search results, and never log in anywhere else from it. Most wallet thefts start with a search result that looked right.",2026-10-28,03:30,FALSE,TRUE,,,,d22-a,value
"Five times a government switched off people's money, in democracies as well as dictatorships. None of them was long ago.",2026-10-28,09:30,FALSE,TRUE,,"1/ 1933, United States: Executive Order 6102 required citizens to hand in their gold by 1 May at 20.67 dollars an ounce. In January 1934 the official price became 35 dollars. Owning gold was fully legal again on 31 December 1974. ||| 2/ 2013, Cyprus: as a condition of the bailout, deposits above 100,000 euros at the Bank of Cyprus were partly converted into shares, about 47.5 percent of them. ATM limits lasted two years. A deposit is a loan to the bank; that year Europe said so out loud. ||| 3/ 2015, Greece: banks closed on 28 June and cash withdrawals were capped at 60 euros a day. Controls were fully lifted on 1 September 2019. Four years of rationed access to your own salary, inside the euro. ||| 4/ 2016, India: at 20:00 on 8 November the two largest notes, 86 percent of cash by value, were declared void at midnight. 99.3 percent came back to the banks. The people in the queues had never been the target; they paid anyway. ||| 5/ 2023, Nigeria: redesigned notes with a swap deadline weeks before an election, and not enough new notes to go round. People slept outside banks. On 3 March 2023 the Supreme Court ruled the execution unconstitutional and kept the old notes legal. ||| 6/ The pattern: the money in your account is a promise, and promises get renegotiated in a crisis. Money you hold yourself, that nobody else can see or stop, is a different kind of promise. Which of these did you live through?",Sources: Federal Reserve History on 1933-34 https://www.federalreservehistory.org/essays/gold-reserve-act Cyprus https://www.globalbankingandfinance.com/bailing-in-depositors-lessons-from-cyprus Greece https://www.voanews.com/a/europe_greece-ends-crisis-era-capital-controls/6174987.html Nigeria https://www.africanews.com/2023/03/03/supreme-court-faults-president-buhari-on-naira-redesign-policy/,d22-b,story
"""No one shall be subjected to arbitrary interference with his privacy, family, home or correspondence.""
Article 12, Universal Declaration of Human Rights, 10 December 1948. Correspondence meant letters then. It means messages now. The right did not change; the envelope did.",2026-10-29,03:30,FALSE,TRUE,,,"The text, all thirty articles: https://www.ohchr.org/sites/default/files/UDHR/Documents/UDHR_Translations/eng.pdf",d23-a,quote
"SWARM Browser, Windows pre-release: Chromium 153 from ungoogled-chromium, Google's services removed, the SWARM wallet in the toolbar, keys kept outside the browser. Not in it yet: tracker blocking, phishing lists, macOS, Linux, signed builds. Better we list it than you find out.",2026-10-29,09:30,FALSE,TRUE,,,"The full list of what is removed, what is on and what is missing: https://swarm.green/ecosystem/browser
3 days until anyone can run a SWARM node: 1 November, 15:42 UTC. No coins are promised.",d23-b,promo
"Hong Kong, 2019: protesters queued to buy single MTR tickets with cash instead of tapping their Octopus cards, because a card's trip history could place them at a march. Others left coins for strangers. When a payment leaves a trail, people under pressure go back to cash.",2026-10-30,03:30,FALSE,TRUE,,,"Hong Kong Free Press, September 2019: https://hongkongfp.com/2019/09/22/explainer-communist-partys-railway-hong-kongs-respected-mtr-fell-afoul-protesters/",d24-a,story
"Tomorrow at 15:42 UTC the waiting list gets access, in leaderboard order; on 1 November at 15:42 UTC mining opens for everyone. To prepare: install the wallet, write down the 24 words, copy your swm1 address; your node will pay there. No coins are promised.",2026-10-30,09:30,FALSE,TRUE,,,"Please keep ASICs and rented hash power off the network. The waiting list is free and asks for an email address and a swm1 address, nothing else: https://swarm.green/waitlist
2 days until anyone can run a SWARM node: 1 November, 15:42 UTC. No coins are promised.",d24-b,promo
"The first Bitcoin block, 3 January 2009, carries a headline: ""The Times 03/Jan/2009 Chancellor on brink of second bailout for banks."" It proves the block was not made earlier. It also says why it was made. Money decided over people's heads, answered with money nobody decides.",2026-10-31,06:00,FALSE,TRUE,,,The front page itself: https://www.thetimes03jan2009.com/,d25-a,story
"15:42 UTC. Access for the waiting list is open; downloads go out in leaderboard order over 24 hours. Public mining opens 1 November, 15:42 UTC. Check the SHA-256 before you install and keep the 24 words off the mining machine. No coins are promised.
https://swarm.green/waitlist",2026-10-31,11:42,FALSE,TRUE,,,"Please keep ASICs and rented hash power off the network. Downloads with their SHA-256 checksums, as they go out: https://swarm.green/ecosystem",d25-b,promo
"""The root problem with conventional currency is all the trust that's required to make it work. The central bank must be trusted not to debase the currency, but the history of fiat currencies is full of breaches of that trust.""
Satoshi Nakamoto, 11 February 2009.",2026-11-01,06:00,FALSE,TRUE,,,"The post, on the P2P Foundation forum: https://p2pfoundation.ning.com/forum/topics/bitcoin-open-source",d26-a,quote
"Public mining is open. Anyone can run SWARM Node from this moment: download, compare the SHA-256, enter your swm1 address, start. It runs a full node and mines on your CPU. Same rules for everyone from here on. No coins are promised. 🐝
https://swarm.green/ecosystem",2026-11-01,11:42,FALSE,TRUE,https://swarm.green/assets/og.png,,Please keep ASICs and rented hash power off the network. SWARM Node with its SHA-256 checksum and the setup steps: https://swarm.green/ecosystem/node,d26-b,promo
"What a block explorer can see. On a transparent chain: every address, amount and time, forever, and how they link. On a shielded chain: that a valid transaction happened, its fee, its size, and a proof. The explorer is honest either way. The question is what was written down.",2026-11-02,03:30,FALSE,TRUE,,,See for yourself on SWARM mainnet: https://mainnet.explore.swarm.green,d27-a,explain
"Started a node yesterday? It verifies every block from genesis before it mines; that is the point. To check the chain, compare its genesis hash with the verify page and its height with the explorer. Disagree with both and you are on another network. No coins are promised.",2026-11-02,09:30,FALSE,TRUE,,,Please keep ASICs and rented hash power off the network. The genesis hash and how to compare it: https://swarm.green/verify,d27-b,promo
"December 2010: within four days PayPal, Visa and MasterCard cut off donations to WikiLeaks. No court order, no charge. The organisation said 95 percent of its income vanished. Whatever you think of the target, a payment company had shown it could switch off anyone in a week.",2026-11-03,03:30,FALSE,TRUE,,,"Forbes, 7 December 2010: https://www.forbes.com/sites/andygreenberg/2010/12/07/visa-mastercard-move-to-choke-wikileaks/ WikiLeaks' own account of the blockade: https://wikileaks.org/Banking-Blockade.html",d28-a,story
"What would you need to see before you trusted a new privacy tool with real money? Open code, an independent review, a year of uptime, a name you already know? Honest answers help us decide what to publish first.",2026-11-03,09:30,FALSE,TRUE,,,,d28-b,question
"Five minutes: type your email into Have I Been Pwned. Most people find a breach they never heard of. Then two things: a different password for every site, kept in a password manager, and passkeys where offered. Reused passwords empty more wallets than wallet bugs do.",2026-11-04,03:30,FALSE,TRUE,,,https://haveibeenpwned.com/ (run by Troy Hunt since 2013; it stores nothing you type),d29-a,value
"Private digital money was not invented in 2008. It took forty years and about a dozen people, most of whom you have never heard of. The relay, in order:",2026-11-04,09:30,FALSE,TRUE,,"1/ 1976: Whitfield Diffie and Martin Hellman publish public-key cryptography. 1982: David Chaum describes blind signatures, so a bank can sign a coin without seeing it. Anonymous digital cash is now possible on paper. ||| 2/ 1990: Chaum's DigiCash launches eCash. By 1998 it has about 5,000 users and 300 merchants, and goes bankrupt. The cryptography worked. The company needed banks, and the banks did not need it. ||| 3/ 1993: Eric Hughes posts A Cypherpunk's Manifesto. 1997: Adam Back's Hashcash makes a computer prove it did work. 1998: Wei Dai's b-money and Nick Szabo's bit gold describe money with no company behind it. None of it runs yet. ||| 4/ 2004: Hal Finney builds reusable proof of work. 31 October 2008: a paper by Satoshi Nakamoto cites Hashcash and b-money. 3 January 2009: the first block. 12 January 2009: the first transaction, to Finney. ||| 5/ 2013 to 2016: the same idea with the amounts hidden. Zerocoin, then Zcash, whose parameters came from a 2016 ceremony designed so that even its makers could not cheat. The shielded pool exists. ||| 6/ Nobody on this list got rich from it at the time. Several were investigated; one kept coding while paralysed. Every tool in this story was published before it was safe to publish. Which of these names did you not know?",Two good long reads: Bitcoin Magazine on Chaum and eCash https://bitcoinmagazine.com/culture/genesis-files-how-david-chaums-ecash-spawned-cypherpunk-dream and Radiolab on the 2016 ceremony https://radiolab.org/podcast/ceremony/transcript,d29-b,story
"""If privacy is outlawed, only outlaws will have privacy.""
Phil Zimmermann, Why I Wrote PGP, 1991. He wrote it before the investigation, the book trick and the dropped case. He was describing the world he expected. It is roughly the one we got, except that the tools exist.",2026-11-05,03:30,FALSE,TRUE,,,"The essay, as updated in 1999: https://www.philzimmermann.com/EN/essays/WhyIWrotePGP.html",d30-a,quote
"From 10 July 2027 the EU's anti-money-laundering regulation applies: cash payments to businesses capped at 10,000 euros, and crypto services may not offer anonymous accounts or handle anonymity-enhancing coins. It binds exchanges, not you. Self-custody is untouched.",2026-11-05,09:30,FALSE,TRUE,,,"Regulation (EU) 2024/1624, search EUR-Lex for 32024R1624. A plain-language summary: https://techlawpolicy.com/2025/06/eu-vs-crypto-anonymity-what-you-need-to-know/",d30-b,explain
"Sweden nearly abolished cash: about 10 percent of shop purchases, says the Riksbank's 2025 report. Then the central bank asked parliament to make shops selling food, medicine and fuel accept it again. Not nostalgia: money that needs a server stops working when the server does.",2026-11-06,03:30,FALSE,TRUE,,,"Riksbank, Payments Report 2025: https://www.riksbank.se/globalassets/media/rapporter/betalningsrapport/2025/engelsk/payments-report-2025.pdf",d31-a,story
"One month of this account. We published a chain, a wallet, a messenger, a browser pre-release, a node, and a list of what is missing. Nobody promises you a price. SWARM is private money: shielded by default, mined by anyone since 1 November. Mined, not sold. Thank you. 🐝",2026-11-06,09:30,FALSE,TRUE,,,https://swarm.green,d31-b,promo
"A question for people who use privacy tools every day: what made you stop trusting a product that called itself private? Not the brand, the moment. We are collecting the answers for the things we have not built yet.",2026-11-07,06:00,FALSE,TRUE,,,,d03-b,question
"""The right to be let alone, the most comprehensive of rights and the right most valued by civilized men.""
Justice Louis Brandeis, dissenting, 4 June 1928, in a case about wiretaps. He lost 5 to 4. The Supreme Court adopted his view in 1967. Being right took 39 years.",2026-11-08,06:00,FALSE,TRUE,,,"Olmstead v. United States (1928) and the dissent, explained by the National Constitution Center: https://constitutioncenter.org/blog/olmstead-case-was-a-watershed-for-supreme-court",d04-a,quote
"What does a year of your bank statement reveal? Where you sleep, who you sleep with, your doctor, your church, your politics, your drinking. In the US you have no constitutional privacy interest in it; the Supreme Court decided that in 1976. The bank's records are the bank's.",2026-11-11,03:30,FALSE,TRUE,,,"United States v. Miller, 425 U.S. 435 (1976): https://supreme.justia.com/cases/federal/us/425/435/ The 1970 Bank Secrecy Act that started it was upheld in 1974.",d05-a,explain
On 27 March 1943 a sculptor and a painter dressed as policemen walked into the Amsterdam population registry and set it on fire. They were trying to destroy a database. Here is why it mattered.,2026-11-11,09:30,FALSE,TRUE,,"1/ The Dutch registry was excellent. It recorded every resident's address and religion. When Germany occupied the Netherlands in 1940, the occupiers did not need to find the Jews. The cards had already done it. ||| 2/ Gerrit van der Veen, a sculptor, and Willem Arondeus, a painter, led a resistance group that drugged the guards, drenched the card files and set explosives. About 15 percent of the records burned. The rest survived. ||| 3/ Twelve of the attackers, Arondeus among them, were executed on 1 July 1943. Van der Veen was shot in 1944. Arondeus' last message asked that people be told that homosexuals were not cowards. ||| 4/ A well-kept database became a kill list. Nobody who built it meant that. That is the point: the harm of a record is decided by whoever holds it later, not by whoever created it. ||| 5/ That is why we care about what gets written down at all. The safest record is the one that was never made. Which records about you exist today that you would not want in the wrong hands in ten years?",Sources: Anne Frank House https://www.annefrank.org/en/timeline/128/the-resistance-attacks-the-population-register-of-amsterdam/ and the Dutch Resistance Museum https://www.verzetsmuseum.org/en/kennisbank/armed-resistance-1,d01-b,story
